{
    "Player": {
        "ArmL Translation": [
            0.6000000238418579,
            4.0,
            0.0
        ],
        "ArmR Translation": [
            -0.6000000238418579,
            4.0,
            0.0
        ],
        "Head Translation": [
            0.0,
            4.300000190734863,
            0.0
        ],
        "floatingAmplitude": 0.5,
        "floatingCycle": 60.0
    }
}
